0,1,2,3,4,5,6,7,8,9,10,11,12,13
APSX,4002,11850,403,NO BOOKS FOR COURSE,,,,,,,,,
APTB,1000,10041,403,Course Materials have not been determined. Check back soon for updates.,,,,,,,,,
CER,8400,16966,403,NO BOOKS FOR COURSE,,,,,,,,,
APTB,3001,14816,403,Course Materials have not been determined. Check back soon for updates.,,,,,,,,,
CSC,6520,17805,403,Course Materials have not been determined. Check back soon for updates.,,,,,,,,,
APTP,3001,11837,403,Course Materials have not been determined. Check back soon for updates.,,,,,,,,,
APTP,3001,14826,403,Course Materials have not been determined. Check back soon for updates.,,,,,,,,,
APTB,3001,11684,403,Course Materials have not been determined. Check back soon for updates.,,,,,,,,,
APTB,2002,14814,403,Course Materials have not been determined. Check back soon for updates.,,,,,,,,,
APTB,2002,11683,403,Course Materials have not been determined. Check back soon for updates.,,,,,,,,,
APTB,2001,11682,403,Course Materials have not been determined. Check back soon for updates.,,,,,,,,,
APTB,2001,14813,403,Course Materials have not been determined. Check back soon for updates.,,,,,,,,,
CHEM,8900A,17799,403,Course Materials have not been determined. Check back soon for updates.,,,,,,,,,
COMM,6910,17453,403,Course Materials have not been determined. Check back soon for updates.,,,,,,,,,
APTP,2002,11695,403,Course Materials have not been determined. Check back soon for updates.,,,,,,,,,
APTP,3001,20670,403,Course Materials have not been determined. Check back soon for updates.,,,,,,,,,
APTP,3001,14825,403,Course Materials have not been determined. Check back soon for updates.,,,,,,,,,
APTP,3001,14827,403,Course Materials have not been determined. Check back soon for updates.,,,,,,,,,
APTP,3001,20669,403,Course Materials have not been determined. Check back soon for updates.,,,,,,,,,
APTP,2002,20668,403,Course Materials have not been determined. Check back soon for updates.,,,,,,,,,
CHEM,8900P,20651,403,Course Materials have not been determined. Check back soon for updates.,,,,,,,,,
APTP,2001,11835,403,Course Materials have not been determined. Check back soon for updates.,,,,,,,,,
APTP,2001,11694,403,Course Materials have not been determined. Check back soon for updates.,,,,,,,,,
CSD,7910,12537,403,Course Materials have not been determined. Check back soon for updates.,,,,,,,,,
APTP,2001,20665,403,Course Materials have not been determined. Check back soon for updates.,,,,,,,,,
APTP,2001,20666,403,Course Materials have not been determined. Check back soon for updates.,,,,,,,,,
APTP,2001,14822,403,Course Materials have not been determined. Check back soon for updates.,,,,,,,,,
APTP,2002,20667,403,Course Materials have not been determined. Check back soon for updates.,,,,,,,,,
APTP,2002,14823,403,Course Materials have not been determined. Check back soon for updates.,,,,,,,,,
APTP,3002,14831,403,Course Materials have not been determined. Check back soon for updates.,,,,,,,,,
APSX,3002,15552,403,NO BOOKS FOR COURSE,,,,,,,,,
PHYS,4999,13043,403,NO BOOKS FOR COURSE,,,,,,,,,
BMSC,6970,21744,403,Course Materials have not been determined. Check back soon for updates.,,,,,,,,,
APSX,4002,14812,403,NO BOOKS FOR COURSE,,,,,,,,,
APSX,4002,11675,403,NO BOOKS FOR COURSE,,,,,,,,,
APSX,4001,11674,403,NO BOOKS FOR COURSE,,,,,,,,,
APSX,4001,14808,403,NO BOOKS FOR COURSE,,,,,,,,,
APSX,4001,14809,403,NO BOOKS FOR COURSE,,,,,,,,,
APSX,4001,14810,403,NO BOOKS FOR COURSE,,,,,,,,,
APSX,4001,11849,403,NO BOOKS FOR COURSE,,,,,,,,,
APSX,4001,15565,403,NO BOOKS FOR COURSE,,,,,,,,,
APSX,3002,14807,403,NO BOOKS FOR COURSE,,,,,,,,,
APSX,3002,15553,403,NO BOOKS FOR COURSE,,,,,,,,,
APSX,3002,15554,403,NO BOOKS FOR COURSE,,,,,,,,,
POLS,4290,22177,403,Course Materials have not been determined. Check back soon for updates.,,,,,,,,,
CSC,8910,14938,403,Course Materials have not been determined. Check back soon for updates.,,,,,,,,,
CSC,8910,15140,403,Course Materials have not been determined. Check back soon for updates.,,,,,,,,,
CSC,8910,15138,403,Course Materials have not been determined. Check back soon for updates.,,,,,,,,,
CSC,8910,15041,403,Course Materials have not been determined. Check back soon for updates.,,,,,,,,,
CSC,8910,15141,403,Course Materials have not been determined. Check back soon for updates.,,,,,,,,,
APVC,3001,11933,403,Anatomy of the Voice,Required,"Used $9.98, New $19.96, Used $18.75, New $24.95,",ISBN: 9781623171971,Author: Dimon,Publisher: North Atlantic Books,Formats: PAPERBACK,Copyright Year: 2018,Publication Date: TBD,
APVC,3001,11933,403,On the Art of Singing,Required,"Digital $30.54, Digital $35.24, New $75.00, Digital $46.99,",ISBN: 9780195098259,Author: Miller,Publisher: Oxford University Press C/O INGRAM DISTRIBUTION SOLUTIONS,Formats: BryteWave Format,Copyright Year: 1996,Publication Date: TBD,
APVC,3001,11933,403,Audition Success,Required,"Digital $27.12, Digital $32.06, New $36.95, Digital $36.99, Digital $36.99,",ISBN: 9780878301218,Author: Greene,Publisher: Routledge,"Formats: PAPERBACK, BryteWave Format",Copyright Year: 2001,Publication Date: TBD,
APVC,3001,11933,403,Sing Legato,Required,"New $4.50,",ISBN: 9780849741524,Author: Jennings,Publisher: Neil A. Kjos Music Company (EMAIL ORDERS),,Publication Date: TBD,,
APVC,3001,11933,403,Nurtured by Love,Required,"Used $10.50, New $13.99,",ISBN: 9780874875843,Author: Suzuki,"Publisher: Alfred Publishing Company, Incorporated",Formats: PAPERBACK,Copyright Year: 1983,Publication Date: TBD,
APOR,3002,15006,403,Course Materials have not been determined. Check back soon for updates.,,,,,,,,,
APOR,3002,15005,403,Course Materials have not been determined. Check back soon for updates.,,,,,,,,,
AAS,8950,22066,403,Course Materials have not been determined. Check back soon for updates.,,,,,,,,,
APOR,3002,15004,403,Course Materials have not been determined. Check back soon for updates.,,,,,,,,,
AAS,8950,22064,403,Course Materials have not been determined. Check back soon for updates.,,,,,,,,,
AAS,8950,22063,403,Course Materials have not been determined. Check back soon for updates.,,,,,,,,,
APOR,3001,15003,403,Course Materials have not been determined. Check back soon for updates.,,,,,,,,,
AAS,8950,22062,403,Course Materials have not been determined. Check back soon for updates.,,,,,,,,,
AAS,8950,22060,403,Course Materials have not been determined. Check back soon for updates.,,,,,,,,,
AAS,6098,22228,403,Course Materials have not been determined. Check back soon for updates.,,,,,,,,,
APOR,4001,15007,403,Course Materials have not been determined. Check back soon for updates.,,,,,,,,,
IB,8400,10231,403,Course Materials have not been determined. Check back soon for updates.,,,,,,,,,
APTP,4002,11699,403,Course Materials have not been determined. Check back soon for updates.,,,,,,,,,
APTP,4002,11840,403,Course Materials have not been determined. Check back soon for updates.,,,,,,,,,
APTU,1000,11334,403,Course Materials have not been determined. Check back soon for updates.,,,,,,,,,
APOR,4002,15010,403,Course Materials have not been determined. Check back soon for updates.,,,,,,,,,
APTU,1001,11704,403,Course Materials have not been determined. Check back soon for updates.,,,,,,,,,
APOR,4001,15009,403,Course Materials have not been determined. Check back soon for updates.,,,,,,,,,
APTU,2001,11706,403,Course Materials have not been determined. Check back soon for updates.,,,,,,,,,
PHOT,4980,15250,403,Course Materials have not been determined. Check back soon for updates.,,,,,,,,,
APOR,4001,15008,403,Course Materials have not been determined. Check back soon for updates.,,,,,,,,,
AAS,6098,22509,403,Course Materials have not been determined. Check back soon for updates.,,,,,,,,,
APOR,4002,15011,403,Course Materials have not been determined. Check back soon for updates.,,,,,,,,,
APOR,2001,14998,403,Course Materials have not been determined. Check back soon for updates.,,,,,,,,,
APTU,4001,14846,403,Course Materials have not been determined. Check back soon for updates.,,,,,,,,,
APOR,2001,14997,403,Course Materials have not been determined. Check back soon for updates.,,,,,,,,,
APTU,4001,11710,403,Course Materials have not been determined. Check back soon for updates.,,,,,,,,,
APTU,4002,11711,403,Course Materials have not been determined. Check back soon for updates.,,,,,,,,,
APTU,4002,14847,403,Course Materials have not been determined. Check back soon for updates.,,,,,,,,,
APVA,1000,10045,403,Course Materials have not been determined. Check back soon for updates.,,,,,,,,,
APOR,1002,14996,403,Course Materials have not been determined. Check back soon for updates.,,,,,,,,,
APOR,1001,14995,403,Course Materials have not been determined. Check back soon for updates.,,,,,,,,,
APOB,4002,11641,403,NO BOOKS FOR COURSE,,,,,,,,,
APOB,4002,14759,403,NO BOOKS FOR COURSE,,,,,,,,,
APVA,2001,14848,403,Course Materials have not been determined. Check back soon for updates.,,,,,,,,,
APVA,2001,11718,403,Course Materials have not been determined. Check back soon for updates.,,,,,,,,,
APOB,4001,11640,403,NO BOOKS FOR COURSE,,,,,,,,,
APOB,4001,14757,403,NO BOOKS FOR COURSE,,,,,,,,,
APTU,4001,14845,403,Course Materials have not been determined. Check back soon for updates.,,,,,,,,,
APOR,2002,15000,403,Course Materials have not been determined. Check back soon for updates.,,,,,,,,,
AAS,6042,18870,403,Course Materials have not been determined. Check back soon for updates.,,,,,,,,,
SOCI,3390,21559,403,Course Materials have not been determined. Check back soon for updates.,,,,,,,,,
APTU,2001,14839,403,Course Materials have not been determined. Check back soon for updates.,,,,,,,,,
APTU,2002,14840,403,Course Materials have not been determined. Check back soon for updates.,,,,,,,,,
APTU,3001,14841,403,Course Materials have not been determined. Check back soon for updates.,,,,,,,,,
PHOT,4930,13873,403,Course Materials have not been determined. Check back soon for updates.,,,,,,,,,
APOR,3001,15002,403,Course Materials have not been determined. Check back soon for updates.,,,,,,,,,
PHOT,4930,14524,403,Course Materials have not been determined. Check back soon for updates.,,,,,,,,,
APTU,3001,11708,403,Course Materials have not been determined. Check back soon for updates.,,,,,,,,,
APOR,3001,15001,403,Course Materials have not been determined. Check back soon for updates.,,,,,,,,,
APTU,3001,14842,403,Course Materials have not been determined. Check back soon for updates.,,,,,,,,,
SOCI,3390,20775,403,Course Materials have not been determined. Check back soon for updates.,,,,,,,,,
APTU,3002,14843,403,Course Materials have not been determined. Check back soon for updates.,,,,,,,,,
APTU,3002,14844,403,Course Materials have not been determined. Check back soon for updates.,,,,,,,,,
APOR,2002,14999,403,Course Materials have not been determined. Check back soon for updates.,,,,,,,,,
APTP,4002,14838,403,Course Materials have not been determined. Check back soon for updates.,,,,,,,,,
APTP,4002,20678,403,Course Materials have not been determined. Check back soon for updates.,,,,,,,,,
APVA,2002,14849,403,Course Materials have not been determined. Check back soon for updates.,,,,,,,,,
HS,8900,17771,403,Course Materials have not been determined. Check back soon for updates.,,,,,,,,,
APCL,6000,10027,403,Course Materials have not been determined. Check back soon for updates.,,,,,,,,,
APCE,8004,11524,403,NO BOOKS FOR COURSE,,,,,,,,,
APCE,8003,11523,403,NO BOOKS FOR COURSE,,,,,,,,,
APCE,8001,11521,403,NO BOOKS FOR COURSE,,,,,,,,,
APPR,1001,11881,403,Course Materials have not been determined. Check back soon for updates.,,,,,,,,,
SW,3005,12562,403,Course Materials have not been determined. Check back soon for updates.,,,,,,,,,
APCE,6000,10025,403,NO BOOKS FOR COURSE,,,,,,,,,
APTP,4001,14834,403,Course Materials have not been determined. Check back soon for updates.,,,,,,,,,
APBS,8004,11508,403,NO BOOKS FOR COURSE,,,,,,,,,
APCL,8001,11533,403,Course Materials have not been determined. Check back soon for updates.,,,,,,,,,
APBS,8002,11506,403,NO BOOKS FOR COURSE,,,,,,,,,
APCL,8003,11535,403,Course Materials have not been determined. Check back soon for updates.,,,,,,,,,
APCD,8001,11892,403,Course Materials have not been determined. Check back soon for updates.,,,,,,,,,
APPR,2002,11925,403,Course Materials have not been determined. Check back soon for updates.,,,,,,,,,
APPR,2001,14778,403,Course Materials have not been determined. Check back soon for updates.,,,,,,,,,
APPR,2001,14779,403,NO BOOKS FOR COURSE,,,,,,,,,
APPR,2001,11883,403,Course Materials have not been determined. Check back soon for updates.,,,,,,,,,
APCD,6000,10023,403,Course Materials have not been determined. Check back soon for updates.,,,,,,,,,
APPR,2001,11660,403,NO BOOKS FOR COURSE,,,,,,,,,
APCD,6000,10987,403,Course Materials have not been determined. Check back soon for updates.,,,,,,,,,
APCP,8004,11539,403,Course Materials have not been determined. Check back soon for updates.,,,,,,,,,
APCP,8003,11538,403,Course Materials have not been determined. Check back soon for updates.,,,,,,,,,
APPR,1002,11659,403,NO BOOKS FOR COURSE,,,,,,,,,
APPR,1002,11882,403,Course Materials have not been determined. Check back soon for updates.,,,,,,,,,
APCP,8001,11897,403,Course Materials have not been determined. Check back soon for updates.,,,,,,,,,
APBS,8003,11507,403,NO BOOKS FOR COURSE,,,,,,,,,
APBS,8001,11505,403,NO BOOKS FOR COURSE,,,,,,,,,
APPR,1001,11658,403,NO BOOKS FOR COURSE,,,,,,,,,
APTP,4001,14836,403,Course Materials have not been determined. Check back soon for updates.,,,,,,,,,
APTP,4001,20675,403,Course Materials have not been determined. Check back soon for updates.,,,,,,,,,
ANTH,6980,21954,403,Course Materials have not been determined. Check back soon for updates.,,,,,,,,,
APPR,1000,10038,403,NO BOOKS FOR COURSE,,,,,,,,,
ANTH,6980,21847,403,Course Materials have not been determined. Check back soon for updates.,,,,,,,,,
ANTH,6980,21844,403,Course Materials have not been determined. Check back soon for updates.,,,,,,,,,
ANTH,6060,15199,403,Course Materials have not been determined. Check back soon for updates.,,,,,,,,,
APTP,4002,20679,403,Course Materials have not been determined. Check back soon for updates.,,,,,,,,,
ID,8930,15548,403,Course Materials have not been determined. Check back soon for updates.,,,,,,,,,
APBS,6000,10022,403,NO BOOKS FOR COURSE,,,,,,,,,
PHOT,4980,13369,403,Course Materials have not been determined. Check back soon for updates.,,,,,,,,,
SW,4200,14582,403,Course Materials have not been determined. Check back soon for updates.,,,,,,,,,
APDB,8004,11551,403,Course Materials have not been determined. Check back soon for updates.,,,,,,,,,
APDB,8003,11550,403,Course Materials have not been determined. Check back soon for updates.,,,,,,,,,
APDB,8002,11549,403,Course Materials have not been determined. Check back soon for updates.,,,,,,,,,
APDB,8001,11548,403,Course Materials have not been determined. Check back soon for updates.,,,,,,,,,
PHOT,4980,12551,403,Course Materials have not been determined. Check back soon for updates.,,,,,,,,,
HIST,8890,21883,403,Course Materials have not been determined. Check back soon for updates.,,,,,,,,,
ANTH,8070,15495,403,Course Materials have not been determined. Check back soon for updates.,,,,,,,,,
ANTH,8070,18775,403,Course Materials have not been determined. Check back soon for updates.,,,,,,,,,
APOB,4001,14758,403,NO BOOKS FOR COURSE,,,,,,,,,
APVA,3001,14850,403,Course Materials have not been determined. Check back soon for updates.,,,,,,,,,
APCD,8001,11509,403,Course Materials have not been determined. Check back soon for updates.,,,,,,,,,
APVL,4001,12963,403,Course Materials have not been determined. Check back soon for updates.,,,,,,,,,
APVL,4001,14911,403,Course Materials have not been determined. Check back soon for updates.,,,,,,,,,
APVL,4001,14910,403,Course Materials have not been determined. Check back soon for updates.,,,,,,,,,
APVL,4002,12964,403,Course Materials have not been determined. Check back soon for updates.,,,,,,,,,
APVL,4002,14915,403,Course Materials have not been determined. Check back soon for updates.,,,,,,,,,
APVL,4002,14914,403,Course Materials have not been determined. Check back soon for updates.,,,,,,,,,
APVL,4002,11904,403,Course Materials have not been determined. Check back soon for updates.,,,,,,,,,
APVC,1000,10049,403,Course Materials have not been determined. Check back soon for updates.,,,,,,,,,
APVC,1000,10048,403,Course Materials have not been determined. Check back soon for updates.,,,,,,,,,
APVC,1000,10047,403,Audition Success,Required,"Digital $27.12, Digital $32.06, New $36.95, Digital $36.99, Digital $36.99,",ISBN: 9780878301218,Author: Greene,Publisher: Routledge,"Formats: PAPERBACK, BryteWave Format",Copyright Year: 2001,Publication Date: TBD,
APVC,1000,10047,403,Sing Legato,Required,"New $4.50,",ISBN: 9780849741524,Author: Jennings,Publisher: Neil A. Kjos Music Company (EMAIL ORDERS),,Publication Date: TBD,,
APVC,1000,10047,403,Nurtured by Love,Required,"Used $10.50, New $13.99,",ISBN: 9780874875843,Author: Suzuki,"Publisher: Alfred Publishing Company, Incorporated",Formats: PAPERBACK,Copyright Year: 1983,Publication Date: TBD,
APVC,1000,10047,403,Anatomy of the Voice,Required,"Used $9.98, New $19.96, Used $18.75, New $24.95,",ISBN: 9781623171971,Author: Dimon,Publisher: North Atlantic Books,Formats: PAPERBACK,Copyright Year: 2018,Publication Date: TBD,
APVC,1000,10047,403,On the Art of Singing,Recommended,"Digital $30.54, Digital $35.24, New $75.00, Digital $46.99,",ISBN: 9780195098259,Author: Miller,Publisher: Oxford University Press C/O INGRAM DISTRIBUTION SOLUTIONS,Formats: BryteWave Format,Copyright Year: 1996,Publication Date: TBD,
APJB,4002,11605,403,Course Materials have not been determined. Check back soon for updates.,,,,,,,,,
MATH,8950,18936,403,Course Materials have not been determined. Check back soon for updates.,,,,,,,,,
APVL,3002,14909,403,Course Materials have not been determined. Check back soon for updates.,,,,,,,,,
APVL,4001,14913,403,Course Materials have not been determined. Check back soon for updates.,,,,,,,,,
APVL,4001,14912,403,Course Materials have not been determined. Check back soon for updates.,,,,,,,,,
APVC,1001,11930,403,Audition Success,Required,"Digital $27.12, Digital $32.06, New $36.95, Digital $36.99, Digital $36.99,",ISBN: 9780878301218,Author: Greene,Publisher: Routledge,"Formats: PAPERBACK, BryteWave Format",Copyright Year: 2001,Publication Date: TBD,
APVC,1001,11930,403,On the Art of Singing,Required,"Digital $30.54, Digital $35.24, New $75.00, Digital $46.99,",ISBN: 9780195098259,Author: Miller,Publisher: Oxford University Press C/O INGRAM DISTRIBUTION SOLUTIONS,Formats: BryteWave Format,Copyright Year: 1996,Publication Date: TBD,
APVC,1001,11930,403,Anatomy of the Voice,Required,"Used $9.98, New $19.96, Used $18.75, New $24.95,",ISBN: 9781623171971,Author: Dimon,Publisher: North Atlantic Books,Formats: PAPERBACK,Copyright Year: 2018,Publication Date: TBD,
APVC,1001,11930,403,Nurtured by Love,Required,"Used $10.50, New $13.99,",ISBN: 9780874875843,Author: Suzuki,"Publisher: Alfred Publishing Company, Incorporated",Formats: PAPERBACK,Copyright Year: 1983,Publication Date: TBD,
APVC,1001,11930,403,Sing Legato,Required,"New $4.50,",ISBN: 9780849741524,Author: Jennings,Publisher: Neil A. Kjos Music Company (EMAIL ORDERS),,Publication Date: TBD,,
APVC,2002,11807,403,Course Materials have not been determined. Check back soon for updates.,,,,,,,,,
MUS,7050,15149,403,Course Materials have not been determined. Check back soon for updates.,,,,,,,,,
APVC,2002,14862,403,Course Materials have not been determined. Check back soon for updates.,,,,,,,,,
MUS,7061,11912,403,Course Materials have not been determined. Check back soon for updates.,,,,,,,,,
APVC,2002,14863,403,Course Materials have not been determined. Check back soon for updates.,,,,,,,,,
APVC,2002,14864,403,Course Materials have not been determined. Check back soon for updates.,,,,,,,,,
APVC,2002,11806,403,Course Materials have not been determined. Check back soon for updates.,,,,,,,,,
APVC,2002,14865,403,Course Materials have not been determined. Check back soon for updates.,,,,,,,,,
APVC,2002,14866,403,Audition Success,Required,"Digital $27.12, Digital $32.06, New $36.95, Digital $36.99, Digital $36.99,",ISBN: 9780878301218,Author: Greene,Publisher: Routledge,"Formats: PAPERBACK, BryteWave Format",Copyright Year: 2001,Publication Date: TBD,
APVC,2002,14866,403,Sing Legato,Required,"New $4.50,",ISBN: 9780849741524,Author: Jennings,Publisher: Neil A. Kjos Music Company (EMAIL ORDERS),,Publication Date: TBD,,
APVC,2002,14866,403,Anatomy of the Voice,Required,"Used $9.98, New $19.96, Used $18.75, New $24.95,",ISBN: 9781623171971,Author: Dimon,Publisher: North Atlantic Books,Formats: PAPERBACK,Copyright Year: 2018,Publication Date: TBD,
APVC,2002,14866,403,Nurtured by Love,Required,"Used $10.50, New $13.99,",ISBN: 9780874875843,Author: Suzuki,"Publisher: Alfred Publishing Company, Incorporated",Formats: PAPERBACK,Copyright Year: 1983,Publication Date: TBD,
APVC,2002,14866,403,On the Art of Singing,Recommended,"Digital $30.54, Digital $35.24, New $75.00, Digital $46.99,",ISBN: 9780195098259,Author: Miller,Publisher: Oxford University Press C/O INGRAM DISTRIBUTION SOLUTIONS,Formats: BryteWave Format,Copyright Year: 1996,Publication Date: TBD,
APVC,2002,14866,403,Adventures in Singing,Recommended,"New $75.00,",Edition: 3rd,ISBN: 9780072978407,Author: Ware,Publisher: McGraw-Hill,Formats: Spiral,Copyright Year: 2004,Publication Date: TBD
APJB,4001,14721,403,Course Materials have not been determined. Check back soon for updates.,,,,,,,,,
APVC,3001,14874,403,Course Materials have not been determined. Check back soon for updates.,,,,,,,,,
APVC,3001,14875,403,Course Materials have not been determined. Check back soon for updates.,,,,,,,,,
SCOM,3690,13174,403,Course Materials have not been determined. Check back soon for updates.,,,,,,,,,
APVC,3001,11810,403,Course Materials have not been determined. Check back soon for updates.,,,,,,,,,
APVC,2001,11803,403,Course Materials have not been determined. Check back soon for updates.,,,,,,,,,
APVC,2001,11804,403,Course Materials have not been determined. Check back soon for updates.,,,,,,,,,
MUS,6640,20867,403,Course Materials have not been determined. Check back soon for updates.,,,,,,,,,
APVC,1001,11799,403,Course Materials have not been determined. Check back soon for updates.,,,,,,,,,
APJB,4002,14723,403,Course Materials have not been determined. Check back soon for updates.,,,,,,,,,
APVC,1001,11800,403,Course Materials have not been determined. Check back soon for updates.,,,,,,,,,
APVC,1001,11728,403,Course Materials have not been determined. Check back soon for updates.,,,,,,,,,
APVC,1002,11729,403,Course Materials have not been determined. Check back soon for updates.,,,,,,,,,
APVC,1002,11802,403,Course Materials have not been determined. Check back soon for updates.,,,,,,,,,
APVC,1002,12096,403,Course Materials have not been determined. Check back soon for updates.,,,,,,,,,
MUS,6310,18525,403,Course Materials have not been determined. Check back soon for updates.,,,,,,,,,
APVC,2001,14861,403,Course Materials have not been determined. Check back soon for updates.,,,,,,,,,
APVC,2001,14860,403,Course Materials have not been determined. Check back soon for updates.,,,,,,,,,
APVC,2001,14858,403,Course Materials have not been determined. Check back soon for updates.,,,,,,,,,
APVC,2001,14857,403,Audition Success,Required,"Digital $27.12, Digital $32.06, New $36.95, Digital $36.99, Digital $36.99,",ISBN: 9780878301218,Author: Greene,Publisher: Routledge,"Formats: PAPERBACK, BryteWave Format",Copyright Year: 2001,Publication Date: TBD,
APVC,2001,14857,403,Anatomy of the Voice,Required,"Used $9.98, New $19.96, Used $18.75, New $24.95,",ISBN: 9781623171971,Author: Dimon,Publisher: North Atlantic Books,Formats: PAPERBACK,Copyright Year: 2018,Publication Date: TBD,
APVC,2001,14857,403,Sing Legato,Required,"New $4.50,",ISBN: 9780849741524,Author: Jennings,Publisher: Neil A. Kjos Music Company (EMAIL ORDERS),,Publication Date: TBD,,
APVC,2001,14857,403,Nurtured by Love,Required,"Used $10.50, New $13.99,",ISBN: 9780874875843,Author: Suzuki,"Publisher: Alfred Publishing Company, Incorporated",Formats: PAPERBACK,Copyright Year: 1983,Publication Date: TBD,
APVC,2001,14857,403,On the Art of Singing,Recommended,"Digital $30.54, Digital $35.24, New $75.00, Digital $46.99,",ISBN: 9780195098259,Author: Miller,Publisher: Oxford University Press C/O INGRAM DISTRIBUTION SOLUTIONS,Formats: BryteWave Format,Copyright Year: 1996,Publication Date: TBD,
APVC,2001,11931,403,Nurtured by Love,Required,"Used $10.50, New $13.99,",ISBN: 9780874875843,Author: Suzuki,"Publisher: Alfred Publishing Company, Incorporated",Formats: PAPERBACK,Copyright Year: 1983,Publication Date: TBD,
APVC,2001,11931,403,Anatomy of the Voice,Required,"Used $9.98, New $19.96, Used $18.75, New $24.95,",ISBN: 9781623171971,Author: Dimon,Publisher: North Atlantic Books,Formats: PAPERBACK,Copyright Year: 2018,Publication Date: TBD,
APVC,2001,11931,403,Audition Success,Required,"Digital $27.12, Digital $32.06, New $36.95, Digital $36.99, Digital $36.99,",ISBN: 9780878301218,Author: Greene,Publisher: Routledge,"Formats: PAPERBACK, BryteWave Format",Copyright Year: 2001,Publication Date: TBD,
APVC,2001,11931,403,Sing Legato,Required,"New $4.50,",ISBN: 9780849741524,Author: Jennings,Publisher: Neil A. Kjos Music Company (EMAIL ORDERS),,Publication Date: TBD,,
APVC,2001,11931,403,On the Art of Singing,Recommended,"Digital $30.54, Digital $35.24, New $75.00, Digital $46.99,",ISBN: 9780195098259,Author: Miller,Publisher: Oxford University Press C/O INGRAM DISTRIBUTION SOLUTIONS,Formats: BryteWave Format,Copyright Year: 1996,Publication Date: TBD,
APVC,2001,11730,403,Course Materials have not been determined. Check back soon for updates.,,,,,,,,,
APVC,2001,11805,403,Course Materials have not been determined. Check back soon for updates.,,,,,,,,,
APVA,3001,14851,403,Course Materials have not been determined. Check back soon for updates.,,,,,,,,,
APOB,1001,11634,403,NO BOOKS FOR COURSE,,,,,,,,,
AL,4999,12317,403,Course Materials have not been determined. Check back soon for updates.,,,,,,,,,
AL,4999,17873,403,Course Materials have not been determined. Check back soon for updates.,,,,,,,,,
APVA,4001,14854,403,Course Materials have not been determined. Check back soon for updates.,,,,,,,,,
APVA,4001,11722,403,Course Materials have not been determined. Check back soon for updates.,,,,,,,,,
APVA,4001,14855,403,Course Materials have not been determined. Check back soon for updates.,,,,,,,,,
APVA,4002,11723,403,Course Materials have not been determined. Check back soon for updates.,,,,,,,,,
APVA,4002,14856,403,Course Materials have not been determined. Check back soon for updates.,,,,,,,,,
SOCI,4999,20193,403,Course Materials have not been determined. Check back soon for updates.,,,,,,,,,
APJG,4002,14732,403,NO BOOKS FOR COURSE,,,,,,,,,
APJG,4002,11617,403,NO BOOKS FOR COURSE,,,,,,,,,
APJG,4001,11616,403,NO BOOKS FOR COURSE,,,,,,,,,
APJG,4001,14730,403,NO BOOKS FOR COURSE,,,,,,,,,
APJG,4001,14731,403,NO BOOKS FOR COURSE,,,,,,,,,
APJG,3002,11615,403,NO BOOKS FOR COURSE,,,,,,,,,
APJG,3002,14728,403,NO BOOKS FOR COURSE,,,,,,,,,
APOB,1000,10032,403,NO BOOKS FOR COURSE,,,,,,,,,
APOB,1002,11635,403,NO BOOKS FOR COURSE,,,,,,,,,
APJG,3001,11614,403,NO BOOKS FOR COURSE,,,,,,,,,
APOB,2001,14751,403,NO BOOKS FOR COURSE,,,,,,,,,
APVA,3001,11720,403,Course Materials have not been determined. Check back soon for updates.,,,,,,,,,
APOB,3002,14755,403,NO BOOKS FOR COURSE,,,,,,,,,
APVA,3002,14853,403,Course Materials have not been determined. Check back soon for updates.,,,,,,,,,
APOB,3002,14756,403,NO BOOKS FOR COURSE,,,,,,,,,
APOB,3001,14754,403,NO BOOKS FOR COURSE,,,,,,,,,
APOB,3001,11638,403,NO BOOKS FOR COURSE,,,,,,,,,
APOB,3001,14753,403,NO BOOKS FOR COURSE,,,,,,,,,
APVA,3002,14852,403,Course Materials have not been determined. Check back soon for updates.,,,,,,,,,
APVA,3002,11721,403,Course Materials have not been determined. Check back soon for updates.,,,,,,,,,
APOB,2002,11637,403,NO BOOKS FOR COURSE,,,,,,,,,
APOB,2002,14752,403,NO BOOKS FOR COURSE,,,,,,,,,
APOB,2001,11636,403,NO BOOKS FOR COURSE,,,,,,,,,
SOCI,3390,22304,403,Course Materials have not been determined. Check back soon for updates.,,,,,,,,,
APJG,3002,14729,403,NO BOOKS FOR COURSE,,,,,,,,,
APJG,3001,14726,403,NO BOOKS FOR COURSE,,,,,,,,,
APJG,2001,11612,403,NO BOOKS FOR COURSE,,,,,,,,,
MATH,8230,22489,403,Course Materials have not been determined. Check back soon for updates.,,,,,,,,,
APVL,3001,14903,403,Course Materials have not been determined. Check back soon for updates.,,,,,,,,,
APVL,3001,14902,403,Course Materials have not been determined. Check back soon for updates.,,,,,,,,,
APVL,3001,11901,403,Course Materials have not been determined. Check back soon for updates.,,,,,,,,,
APJG,1002,11611,403,NO BOOKS FOR COURSE,,,,,,,,,
APVL,3001,12961,403,Course Materials have not been determined. Check back soon for updates.,,,,,,,,,
APVL,3002,14907,403,Course Materials have not been determined. Check back soon for updates.,,,,,,,,,
APJG,1001,11610,403,NO BOOKS FOR COURSE,,,,,,,,,
APVL,3002,14906,403,Course Materials have not been determined. Check back soon for updates.,,,,,,,,,
APJG,1000,10028,403,NO BOOKS FOR COURSE,,,,,,,,,
APVL,3002,12962,403,Course Materials have not been determined. Check back soon for updates.,,,,,,,,,
APVL,3001,14904,403,Course Materials have not been determined. Check back soon for updates.,,,,,,,,,
APVL,2002,14901,403,Course Materials have not been determined. Check back soon for updates.,,,,,,,,,
APJG,3001,14727,403,NO BOOKS FOR COURSE,,,,,,,,,
APJG,2001,14724,403,NO BOOKS FOR COURSE,,,,,,,,,
APJG,2002,11613,403,NO BOOKS FOR COURSE,,,,,,,,,
APVL,1000,10053,403,Course Materials have not been determined. Check back soon for updates.,,,,,,,,,
APVL,1000,12958,403,Course Materials have not been determined. Check back soon for updates.,,,,,,,,,
APVL,1001,12839,403,Course Materials have not been determined. Check back soon for updates.,,,,,,,,,
APVL,1001,11832,403,Course Materials have not been determined. Check back soon for updates.,,,,,,,,,
APVL,1002,12840,403,Course Materials have not been determined. Check back soon for updates.,,,,,,,,,
APVL,2001,14898,403,Course Materials have not been determined. Check back soon for updates.,,,,,,,,,
APVL,2001,14899,403,Course Materials have not been determined. Check back soon for updates.,,,,,,,,,
APVL,2001,12959,403,Course Materials have not been determined. Check back soon for updates.,,,,,,,,,
MATH,6661,12272,403,Course Materials have not been determined. Check back soon for updates.,,,,,,,,,
APVL,2002,12960,403,Course Materials have not been determined. Check back soon for updates.,,,,,,,,,
APVL,2002,14900,403,Course Materials have not been determined. Check back soon for updates.,,,,,,,,,
APJG,2002,14725,403,NO BOOKS FOR COURSE,,,,,,,,,
APPR,2002,14780,403,Course Materials have not been determined. Check back soon for updates.,,,,,,,,,
APCD,8003,11894,403,Course Materials have not been determined. Check back soon for updates.,,,,,,,,,
APTP,6000,10044,403,Course Materials have not been determined. Check back soon for updates.,,,,,,,,,
APTB,8003,11690,403,Course Materials have not been determined. Check back soon for updates.,,,,,,,,,
APPR,4001,14791,403,NO BOOKS FOR COURSE,,,,,,,,,
APTB,8002,11689,403,Course Materials have not been determined. Check back soon for updates.,,,,,,,,,
APTB,8001,11688,403,Course Materials have not been determined. Check back soon for updates.,,,,,,,,,
APTB,6000,10042,403,Course Materials have not been determined. Check back soon for updates.,,,,,,,,,
APPR,4001,14792,403,Course Materials have not been determined. Check back soon for updates.,,,,,,,,,
APPR,4001,14793,403,NO BOOKS FOR COURSE,,,,,,,,,
APSX,8004,11679,403,NO BOOKS FOR COURSE,,,,,,,,,
APSX,8003,11678,403,NO BOOKS FOR COURSE,,,,,,,,,
APSX,8003,11853,403,NO BOOKS FOR COURSE,,,,,,,,,
APSX,8002,11852,403,NO BOOKS FOR COURSE,,,,,,,,,
APSX,8002,11677,403,NO BOOKS FOR COURSE,,,,,,,,,
APPR,4001,14965,403,NO BOOKS FOR COURSE,,,,,,,,,
APPR,4001,14966,403,NO BOOKS FOR COURSE,,,,,,,,,
APTB,8004,11691,403,Course Materials have not been determined. Check back soon for updates.,,,,,,,,,
APTP,6000,11061,403,Course Materials have not been determined. Check back soon for updates.,,,,,,,,,
APPR,4001,11663,403,NO BOOKS FOR COURSE,,,,,,,,,
RELS,4003,17423,403,Course Materials have not been determined. Check back soon for updates.,,,,,,,,,
APTP,8004,11703,403,Course Materials have not been determined. Check back soon for updates.,,,,,,,,,
PMAP,4901,10515,403,Course Materials have not been determined. Check back soon for updates.,,,,,,,,,
APTP,8004,15909,403,Course Materials have not been determined. Check back soon for updates.,,,,,,,,,
APTP,8003,11702,403,Course Materials have not been determined. Check back soon for updates.,,,,,,,,,
APPR,4002,11887,403,Course Materials have not been determined. Check back soon for updates.,,,,,,,,,
APTP,8002,14281,403,Course Materials have not been determined. Check back soon for updates.,,,,,,,,,
PMAP,4941,15386,403,Course Materials have not been determined. Check back soon for updates.,,,,,,,,,
APTP,8002,11841,403,Course Materials have not been determined. Check back soon for updates.,,,,,,,,,
APPR,4002,14795,403,NO BOOKS FOR COURSE,,,,,,,,,
APPR,4002,12730,403,NO BOOKS FOR COURSE,,,,,,,,,
APPR,4001,11886,403,Course Materials have not been determined. Check back soon for updates.,,,,,,,,,
APPR,4001,12729,403,NO BOOKS FOR COURSE,,,,,,,,,
APTP,8001,11700,403,Course Materials have not been determined. Check back soon for updates.,,,,,,,,,
APTP,8001,14280,403,Course Materials have not been determined. Check back soon for updates.,,,,,,,,,
APPR,4001,14790,403,Course Materials have not been determined. Check back soon for updates.,,,,,,,,,
APSX,8001,11676,403,NO BOOKS FOR COURSE,,,,,,,,,
APSX,8001,11851,403,NO BOOKS FOR COURSE,,,,,,,,,
APPR,4002,14967,403,NO BOOKS FOR COURSE,,,,,,,,,
APPR,3002,14784,403,Course Materials have not been determined. Check back soon for updates.,,,,,,,,,
APPR,3002,14964,403,NO BOOKS FOR COURSE,,,,,,,,,
APPR,3002,11662,403,NO BOOKS FOR COURSE,,,,,,,,,
APPF,8003,11656,403,Course Materials have not been determined. Check back soon for updates.,,,,,,,,,
APPF,8001,11877,403,Course Materials have not been determined. Check back soon for updates.,,,,,,,,,
APPF,8001,11654,403,Course Materials have not been determined. Check back soon for updates.,,,,,,,,,
APPF,6000,10037,403,Course Materials have not been determined. Check back soon for updates.,,,,,,,,,
APPF,6000,10036,403,Course Materials have not been determined. Check back soon for updates.,,,,,,,,,
APPR,8004,11891,403,NO BOOKS FOR COURSE,,,,,,,,,
APPR,8004,11667,403,NO BOOKS FOR COURSE,,,,,,,,,
APPR,8004,12983,403,NO BOOKS FOR COURSE,,,,,,,,,
APPR,8003,11666,403,NO BOOKS FOR COURSE,,,,,,,,,
APPR,3002,14963,403,NO BOOKS FOR COURSE,,,,,,,,,
APPF,8004,11657,403,Course Materials have not been determined. Check back soon for updates.,,,,,,,,,
APJP,8004,11633,403,NO BOOKS FOR COURSE,,,,,,,,,
APPR,3002,11885,403,Course Materials have not been determined. Check back soon for updates.,,,,,,,,,
APPR,3002,14783,403,NO BOOKS FOR COURSE,,,,,,,,,
APJP,8004,11866,403,Course Materials have not been determined. Check back soon for updates.,,,,,,,,,
APJP,8003,11865,403,Course Materials have not been determined. Check back soon for updates.,,,,,,,,,
APPR,3002,14788,403,Course Materials have not been determined. Check back soon for updates.,,,,,,,,,
EXC,7920,17716,403,NO BOOKS FOR COURSE,,,,,,,,,
RELS,4700,19103,403,Trauma & Grace,Required,"New $32.00,",Edition: 2nd,ISBN: 9780664264772,Author: Jones,Publisher: Westminster John Knox Press,Formats: PAPERBACK,Copyright Year: 2019,Publication Date: TBD
RELS,4700,19103,403,Trauma of Everyday Life,Required,"New $12.75, New $17.00,",ISBN: 9780143125747,Author: Epstein,Publisher: Penguin Group USA Inc,Formats: PAPERBACK,Publication Date: TBD,,
RELS,4700,19103,403,Crisis Contemplation,Required,"New $19.95,",ISBN: 9781623050559,Author: Holmes,Publisher: Center for Action and Contemplation,Formats: PAPERBACK,Publication Date: TBD,,
APJP,8002,11864,403,Course Materials have not been determined. Check back soon for updates.,,,,,,,,,
APJP,8001,11630,403,NO BOOKS FOR COURSE,,,,,,,,,
APJP,8001,11863,403,Course Materials have not been determined. Check back soon for updates.,,,,,,,,,
APPF,8302,19042,403,Course Materials have not been determined. Check back soon for updates.,,,,,,,,,
APPR,3002,12846,403,NO BOOKS FOR COURSE,,,,,,,,,
APPR,3002,14789,403,NO BOOKS FOR COURSE,,,,,,,,,
APPR,4002,11664,403,NO BOOKS FOR COURSE,,,,,,,,,
APPR,4002,14794,403,Course Materials have not been determined. Check back soon for updates.,,,,,,,,,
APPR,8003,11890,403,NO BOOKS FOR COURSE,,,,,,,,,
EPY,7990,10482,403,NO BOOKS FOR COURSE,,,,,,,,,
APVC,8003,11737,403,Course Materials have not been determined. Check back soon for updates.,,,,,,,,,
APPF,3001,11650,403,Course Materials have not been determined. Check back soon for updates.,,,,,,,,,
APPF,3001,14766,403,Course Materials have not been determined. Check back soon for updates.,,,,,,,,,
APPF,2002,14762,403,Course Materials have not been determined. Check back soon for updates.,,,,,,,,,
APPF,2002,14763,403,Course Materials have not been determined. Check back soon for updates.,,,,,,,,,
APVC,8003,11827,403,Course Materials have not been determined. Check back soon for updates.,,,,,,,,,
APVC,8002,11823,403,Course Materials have not been determined. Check back soon for updates.,,,,,,,,,
PSYC,4860,14255,403,Course Materials have not been determined. Check back soon for updates.,,,,,,,,,
APVC,8002,11938,403,Audition Success,Required,"Digital $27.12, Digital $32.06, New $36.95, Digital $36.99, Digital $36.99,",ISBN: 9780878301218,Author: Greene,Publisher: Routledge,"Formats: PAPERBACK, BryteWave Format",Copyright Year: 2001,Publication Date: TBD,
APVC,8002,11938,403,Nurtured by Love,Required,"Used $10.50, New $13.99,",ISBN: 9780874875843,Author: Suzuki,"Publisher: Alfred Publishing Company, Incorporated",Formats: PAPERBACK,Copyright Year: 1983,Publication Date: TBD,
APVC,8002,11938,403,Anatomy of the Voice,Required,"Used $9.98, New $19.96, Used $18.75, New $24.95,",ISBN: 9781623171971,Author: Dimon,Publisher: North Atlantic Books,Formats: PAPERBACK,Copyright Year: 2018,Publication Date: TBD,
APVC,8002,11938,403,Sing Legato,Required,"New $4.50,",ISBN: 9780849741524,Author: Jennings,Publisher: Neil A. Kjos Music Company (EMAIL ORDERS),,Publication Date: TBD,,
APVC,8002,11938,403,On the Art of Singing,Required,"Digital $30.54, Digital $35.24, New $75.00, Digital $46.99,",ISBN: 9780195098259,Author: Miller,Publisher: Oxford University Press C/O INGRAM DISTRIBUTION SOLUTIONS,Formats: BryteWave Format,Copyright Year: 1996,Publication Date: TBD,
APVC,8001,11820,403,Course Materials have not been determined. Check back soon for updates.,,,,,,,,,
APVC,8001,11937,403,On the Art of Singing,Required,"Digital $30.54, Digital $35.24, New $75.00, Digital $46.99,",ISBN: 9780195098259,Author: Miller,Publisher: Oxford University Press C/O INGRAM DISTRIBUTION SOLUTIONS,Formats: BryteWave Format,Copyright Year: 1996,Publication Date: TBD,
APVC,8001,11937,403,Anatomy of the Voice,Required,"Used $9.98, New $19.96, Used $18.75, New $24.95,",ISBN: 9781623171971,Author: Dimon,Publisher: North Atlantic Books,Formats: PAPERBACK,Copyright Year: 2018,Publication Date: TBD,
APVC,8001,11937,403,Sing Legato,Required,"New $4.50,",ISBN: 9780849741524,Author: Jennings,Publisher: Neil A. Kjos Music Company (EMAIL ORDERS),,Publication Date: TBD,,
APVC,8001,11937,403,Nurtured by Love,Required,"Used $10.50, New $13.99,",ISBN: 9780874875843,Author: Suzuki,"Publisher: Alfred Publishing Company, Incorporated",Formats: PAPERBACK,Copyright Year: 1983,Publication Date: TBD,
APVC,8001,11937,403,Audition Success,Required,"Digital $27.12, Digital $32.06, New $36.95, Digital $36.99, Digital $36.99,",ISBN: 9780878301218,Author: Greene,Publisher: Routledge,"Formats: PAPERBACK, BryteWave Format",Copyright Year: 2001,Publication Date: TBD,
APVC,8001,11736,403,Course Materials have not been determined. Check back soon for updates.,,,,,,,,,
APVC,8001,11822,403,Course Materials have not been determined. Check back soon for updates.,,,,,,,,,
PSYC,4870,18943,403,Course Materials have not been determined. Check back soon for updates.,,,,,,,,,
APVC,8001,11821,403,Course Materials have not been determined. Check back soon for updates.,,,,,,,,,
APPF,3001,14767,403,Course Materials have not been determined. Check back soon for updates.,,,,,,,,,
APPF,3001,14765,403,Course Materials have not been determined. Check back soon for updates.,,,,,,,,,
APVC,6000,10985,403,Course Materials have not been determined. Check back soon for updates.,,,,,,,,,
APPF,3001,14764,403,Course Materials have not been determined. Check back soon for updates.,,,,,,,,,
PSYC,4760,14924,403,Course Materials have not been determined. Check back soon for updates.,,,,,,,,,
ART,6980,20885,403,Course Materials have not been determined. Check back soon for updates.,,,,,,,,,
PSYC,4770,10381,403,Course Materials have not been determined. Check back soon for updates.,,,,,,,,,
APTP,4001,11839,403,Course Materials have not been determined. Check back soon for updates.,,,,,,,,,
APVC,8302,18986,403,Course Materials have not been determined. Check back soon for updates.,,,,,,,,,
APVC,8004,11831,403,Course Materials have not been determined. Check back soon for updates.,,,,,,,,,
APVC,8004,11929,403,Sing Legato,Required,"New $4.50,",ISBN: 9780849741524,Author: Jennings,Publisher: Neil A. Kjos Music Company (EMAIL ORDERS),,Publication Date: TBD,,
APVC,8004,11929,403,Audition Success,Required,"Digital $27.12, Digital $32.06, New $36.95, Digital $36.99, Digital $36.99,",ISBN: 9780878301218,Author: Greene,Publisher: Routledge,"Formats: PAPERBACK, BryteWave Format",Copyright Year: 2001,Publication Date: TBD,
APVC,8004,11929,403,Anatomy of the Voice,Required,"Used $9.98, New $19.96, Used $18.75, New $24.95,",ISBN: 9781623171971,Author: Dimon,Publisher: North Atlantic Books,Formats: PAPERBACK,Copyright Year: 2018,Publication Date: TBD,
APVC,8004,11929,403,Nurtured by Love,Required,"Used $10.50, New $13.99,",ISBN: 9780874875843,Author: Suzuki,"Publisher: Alfred Publishing Company, Incorporated",Formats: PAPERBACK,Copyright Year: 1983,Publication Date: TBD,
APVC,8004,11929,403,On the Art of Singing,Required,"Digital $30.54, Digital $35.24, New $75.00, Digital $46.99,",ISBN: 9780195098259,Author: Miller,Publisher: Oxford University Press C/O INGRAM DISTRIBUTION SOLUTIONS,Formats: BryteWave Format,Copyright Year: 1996,Publication Date: TBD,
APVC,8003,11828,403,Course Materials have not been determined. Check back soon for updates.,,,,,,,,,
APVC,8003,11939,403,Anatomy of the Voice,Required,"Used $9.98, New $19.96, Used $18.75, New $24.95,",ISBN: 9781623171971,Author: Dimon,Publisher: North Atlantic Books,Formats: PAPERBACK,Copyright Year: 2018,Publication Date: TBD,
APVC,8003,11939,403,Nurtured by Love,Required,"Used $10.50, New $13.99,",ISBN: 9780874875843,Author: Suzuki,"Publisher: Alfred Publishing Company, Incorporated",Formats: PAPERBACK,Copyright Year: 1983,Publication Date: TBD,
APVC,8003,11939,403,Audition Success,Required,"Digital $27.12, Digital $32.06, New $36.95, Digital $36.99, Digital $36.99,",ISBN: 9780878301218,Author: Greene,Publisher: Routledge,"Formats: PAPERBACK, BryteWave Format",Copyright Year: 2001,Publication Date: TBD,
APVC,8003,11939,403,Sing Legato,Required,"New $4.50,",ISBN: 9780849741524,Author: Jennings,Publisher: Neil A. Kjos Music Company (EMAIL ORDERS),,Publication Date: TBD,,
APVC,8003,11939,403,On the Art of Singing,Required,"Digital $30.54, Digital $35.24, New $75.00, Digital $46.99,",ISBN: 9780195098259,Author: Miller,Publisher: Oxford University Press C/O INGRAM DISTRIBUTION SOLUTIONS,Formats: BryteWave Format,Copyright Year: 1996,Publication Date: TBD,
APVC,8003,11826,403,Course Materials have not been determined. Check back soon for updates.,,,,,,,,,
APPF,3001,11873,403,Course Materials have not been determined. Check back soon for updates.,,,,,,,,,
APPF,1000,10035,403,Course Materials have not been determined. Check back soon for updates.,,,,,,,,,
APPF,2002,11649,403,Course Materials have not been determined. Check back soon for updates.,,,,,,,,,
APVA,8004,11727,403,Course Materials have not been determined. Check back soon for updates.,,,,,,,,,
APVA,8003,11726,403,Course Materials have not been determined. Check back soon for updates.,,,,,,,,,
APVA,8002,11725,403,Course Materials have not been determined. Check back soon for updates.,,,,,,,,,
APPF,2001,14760,403,Course Materials have not been determined. Check back soon for updates.,,,,,,,,,
APVA,8001,11724,403,Course Materials have not been determined. Check back soon for updates.,,,,,,,,,
APPF,2001,14761,403,Course Materials have not been determined. Check back soon for updates.,,,,,,,,,
APVA,6000,10046,403,Course Materials have not been determined. Check back soon for updates.,,,,,,,,,
APPF,2001,11648,403,Course Materials have not been determined. Check back soon for updates.,,,,,,,,,
APPF,2001,11869,403,Course Materials have not been determined. Check back soon for updates.,,,,,,,,,
APTU,8004,11715,403,Course Materials have not been determined. Check back soon for updates.,,,,,,,,,
APTU,8003,11714,403,Course Materials have not been determined. Check back soon for updates.,,,,,,,,,
APTU,8002,11713,403,Course Materials have not been determined. Check back soon for updates.,,,,,,,,,
APTU,8001,11712,403,Course Materials have not been determined. Check back soon for updates.,,,,,,,,,
APPF,1001,11646,403,Course Materials have not been determined. Check back soon for updates.,,,,,,,,,
APTU,6000,11335,403,Course Materials have not been determined. Check back soon for updates.,,,,,,,,,
APVC,6000,10050,403,Nurtured by Love,Required,"Used $10.50, New $13.99,",ISBN: 9780874875843,Author: Suzuki,"Publisher: Alfred Publishing Company, Incorporated",Formats: PAPERBACK,Copyright Year: 1983,Publication Date: TBD,
APVC,6000,10050,403,Anatomy of the Voice,Required,"Used $9.98, New $19.96, Used $18.75, New $24.95,",ISBN: 9781623171971,Author: Dimon,Publisher: North Atlantic Books,Formats: PAPERBACK,Copyright Year: 2018,Publication Date: TBD,
APVC,6000,10050,403,Sing Legato,Required,"New $4.50,",ISBN: 9780849741524,Author: Jennings,Publisher: Neil A. Kjos Music Company (EMAIL ORDERS),,Publication Date: TBD,,
APVC,6000,10050,403,Audition Success,Required,"Digital $27.12, Digital $32.06, New $36.95, Digital $36.99, Digital $36.99,",ISBN: 9780878301218,Author: Greene,Publisher: Routledge,"Formats: PAPERBACK, BryteWave Format",Copyright Year: 2001,Publication Date: TBD,
APVC,6000,10050,403,On the Art of Singing,Required,"Digital $30.54, Digital $35.24, New $75.00, Digital $46.99,",ISBN: 9780195098259,Author: Miller,Publisher: Oxford University Press C/O INGRAM DISTRIBUTION SOLUTIONS,Formats: BryteWave Format,Copyright Year: 1996,Publication Date: TBD,
APVA,8302,18929,403,Course Materials have not been determined. Check back soon for updates.,,,,,,,,,
PSYC,4870,20409,403,Course Materials have not been determined. Check back soon for updates.,,,,,,,,,
APVL,8004,11908,403,Course Materials have not been determined. Check back soon for updates.,,,,,,,,,
APVL,8003,11907,403,Course Materials have not been determined. Check back soon for updates.,,,,,,,,,
APVL,8003,12946,403,Course Materials have not been determined. Check back soon for updates.,,,,,,,,,
PSYC,4880,19040,403,Course Materials have not been determined. Check back soon for updates.,,,,,,,,,
PSYC,4999,10382,403,Course Materials have not been determined. Check back soon for updates.,,,,,,,,,
APVL,8002,11906,403,Course Materials have not been determined. Check back soon for updates.,,,,,,,,,
APVL,8002,12945,403,Course Materials have not been determined. Check back soon for updates.,,,,,,,,,
APVL,8001,11921,403,Course Materials have not been determined. Check back soon for updates.,,,,,,,,,
APVL,8001,11905,403,Course Materials have not been determined. Check back soon for updates.,,,,,,,,,
APVL,6000,10054,403,Course Materials have not been determined. Check back soon for updates.,,,,,,,,,
APVL,6000,12984,403,Course Materials have not been determined. Check back soon for updates.,,,,,,,,,
APCD,8003,11511,403,Course Materials have not been determined. Check back soon for updates.,,,,,,,,,
APHN,8004,11597,403,Course Materials have not been determined. Check back soon for updates.,,,,,,,,,
APHN,8003,11596,403,Course Materials have not been determined. Check back soon for updates.,,,,,,,,,
APHN,8002,11595,403,Course Materials have not been determined. Check back soon for updates.,,,,,,,,,
APJB,8001,11606,403,Course Materials have not been determined. Check back soon for updates.,,,,,,,,,
APHN,8001,11594,403,Course Materials have not been determined. Check back soon for updates.,,,,,,,,,
APGT,8001,11583,403,Course Materials have not been determined. Check back soon for updates.,,,,,,,,,
APFL,8004,11574,403,NO BOOKS FOR COURSE,,,,,,,,,
GERO,8800,10953,403,Course Materials have not been determined. Check back soon for updates.,,,,,,,,,
GERO,8800,12554,403,Course Materials have not been determined. Check back soon for updates.,,,,,,,,,
APFL,8003,11573,403,NO BOOKS FOR COURSE,,,,,,,,,
APFL,8001,11571,403,NO BOOKS FOR COURSE,,,,,,,,,
APEU,8003,11562,403,Course Materials have not been determined. Check back soon for updates.,,,,,,,,,
APEU,8001,11560,403,Course Materials have not been determined. Check back soon for updates.,,,,,,,,,
GRD,6150,12283,403,NO BOOKS FOR COURSE,,,,,,,,,
APCD,8302,18987,403,Course Materials have not been determined. Check back soon for updates.,,,,,,,,,
GRD,6300,11947,403,NO BOOKS FOR COURSE,,,,,,,,,
GRD,6400,11017,403,NO BOOKS FOR COURSE,,,,,,,,,
APCD,8302,18754,403,Course Materials have not been determined. Check back soon for updates.,,,,,,,,,
APCD,8004,11895,403,Course Materials have not been determined. Check back soon for updates.,,,,,,,,,
APFL,8302,19043,403,Course Materials have not been determined. Check back soon for updates.,,,,,,,,,
GERO,8119,18105,403,Course Materials have not been determined. Check back soon for updates.,,,,,,,,,
APHP,8004,12161,403,Course Materials have not been determined. Check back soon for updates.,,,,,,,,,
APHP,8003,12160,403,Course Materials have not been determined. Check back soon for updates.,,,,,,,,,
APHP,8002,12159,403,Course Materials have not been determined. Check back soon for updates.,,,,,,,,,
APHP,8001,12158,403,Course Materials have not been determined. Check back soon for updates.,,,,,,,,,
APGT,8004,11585,403,Course Materials have not been determined. Check back soon for updates.,,,,,,,,,
APGT,8003,11584,403,Course Materials have not been determined. Check back soon for updates.,,,,,,,,,
APPR,8002,11889,403,NO BOOKS FOR COURSE,,,,,,,,,
APOB,8004,11645,403,NO BOOKS FOR COURSE,,,,,,,,,
APOB,8003,11644,403,NO BOOKS FOR COURSE,,,,,,,,,
APOB,8002,11643,403,NO BOOKS FOR COURSE,,,,,,,,,
APPR,3001,14785,403,NO BOOKS FOR COURSE,,,,,,,,,
APOB,8001,11642,403,NO BOOKS FOR COURSE,,,,,,,,,
APOB,6000,10033,403,NO BOOKS FOR COURSE,,,,,,,,,
APPR,3001,14782,403,Course Materials have not been determined. Check back soon for updates.,,,,,,,,,
APPR,3001,14787,403,NO BOOKS FOR COURSE,,,,,,,,,
APPR,3001,11884,403,Course Materials have not been determined. Check back soon for updates.,,,,,,,,,
FI,8387,15183,403,NO BOOKS FOR COURSE,,,,,,,,,
APOR,6000,15012,403,Course Materials have not been determined. Check back soon for updates.,,,,,,,,,
APOR,6000,17095,403,Course Materials have not been determined. Check back soon for updates.,,,,,,,,,
APPR,8001,11888,403,NO BOOKS FOR COURSE,,,,,,,,,
APPR,8001,12731,403,NO BOOKS FOR COURSE,,,,,,,,,
APPR,6000,10039,403,NO BOOKS FOR COURSE,,,,,,,,,
APPR,6000,12654,403,NO BOOKS FOR COURSE,,,,,,,,,
APPR,3001,14962,403,NO BOOKS FOR COURSE,,,,,,,,,
APOR,8004,15015,403,Course Materials have not been determined. Check back soon for updates.,,,,,,,,,
APPR,3001,14961,403,NO BOOKS FOR COURSE,,,,,,,,,
APPR,3001,14786,403,Course Materials have not been determined. Check back soon for updates.,,,,,,,,,
APOR,8003,15014,403,Course Materials have not been determined. Check back soon for updates.,,,,,,,,,
APOR,8002,12314,403,Course Materials have not been determined. Check back soon for updates.,,,,,,,,,
APOR,8001,15013,403,Course Materials have not been determined. Check back soon for updates.,,,,,,,,,
APOR,6500,16031,403,Course Materials have not been determined. Check back soon for updates.,,,,,,,,,
GEOS,8055,15490,403,Course Materials have not been determined. Check back soon for updates.,,,,,,,,,
AL,8850,19865,403,Course Materials have not been determined. Check back soon for updates.,,,,,,,,,
APPR,2002,11924,403,NO BOOKS FOR COURSE,,,,,,,,,
APTP,4001,14835,403,Course Materials have not been determined. Check back soon for updates.,,,,,,,,,
APTP,4001,20677,403,Course Materials have not been determined. Check back soon for updates.,,,,,,,,,
APJG,8004,11621,403,NO BOOKS FOR COURSE,,,,,,,,,
APJG,8003,11620,403,NO BOOKS FOR COURSE,,,,,,,,,
APJG,8002,11619,403,NO BOOKS FOR COURSE,,,,,,,,,
APJG,6000,10029,403,NO BOOKS FOR COURSE,,,,,,,,,
GEOS,7022,20490,403,Course Materials have not been determined. Check back soon for updates.,,,,,,,,,
APJB,8004,11609,403,Course Materials have not been determined. Check back soon for updates.,,,,,,,,,
APPR,2002,14960,403,NO BOOKS FOR COURSE,,,,,,,,,
APJB,8003,11608,403,Course Materials have not been determined. Check back soon for updates.,,,,,,,,,
APPR,3001,12845,403,NO BOOKS FOR COURSE,,,,,,,,,
APPR,3001,11661,403,NO BOOKS FOR COURSE,,,,,,,,,
RELS,4789,21119,403,Course Materials have not been determined. Check back soon for updates.,,,,,,,,,
PHYS,3150,13009,403,NO BOOKS FOR COURSE,,,,,,,,,
GEOS,6013,12644,403,Course Materials have not been determined. Check back soon for updates.,,,,,,,,,
GEOS,6016,18861,403,Prin of Igneous & Metamorphic Petrology,Required,"New $275.75,",Edition: 2nd,ISBN: 9780321592576,Author: Winter,Publisher: Pearson,Formats: Hardcover,Copyright Year: 2010,Publication Date: TBD
PHYS,2940,13010,403,NO BOOKS FOR COURSE,,,,,,,,,
RELS,4789,21120,403,Course Materials have not been determined. Check back soon for updates.,,,,,,,,,
